NumID;Name;Point;lat;long;description
INT;TEXT;TEXT;REAL;REAL;TEXT
[int];[str];[str];[double];[double];[str]
;AlcazarDeSanJuan_Chinchilla;AlcazarDeSanJuan;;;AlcazarDeSanJuan_Chinchilla
;AlcazarDeSanJuan_Chinchilla;Chinchilla;;;AlcazarDeSanJuan_Chinchilla
;AlcazarDeSanJuan_Madrid;AlcazarDeSanJuan;;;AlcazarDeSanJuan_Madrid
;AlcazarDeSanJuan_Madrid;Madrid;;;AlcazarDeSanJuan_Madrid
;Alessandria_Cortemaggiore;Cortemaggiore;;;Alessandria_Cortemaggiore
;Alessandria_Cortemaggiore;Alessandria;;;Alessandria_Cortemaggiore
;Almendralejo_Badajoz;Almendralejo;;;Almendralejo_Badajoz
;Almendralejo_Badajoz;Badajoz;;;Almendralejo_Badajoz
;Almendralejo_Zamora;Almendralejo;;;Almendralejo_Zamora
;Almendralejo_Zamora;Zamora;;;Almendralejo_Zamora
;Altamura_Candela;Candela;;;Altamura_Candela
;Altamura_Candela;Altamura;;;Altamura_Candela
;Altamura_Latiano;Latiano;;;Altamura_Latiano
;Altamura_Latiano;Altamura;;;Altamura_Latiano
;Altamura_MonteAlpi;MonteAlpi;;;Altamura_MonteAlpi
;Altamura_MonteAlpi;Altamura;;;Altamura_MonteAlpi
;Altamura_Palagiano;Palagiano;;;Altamura_Palagiano
;Altamura_Palagiano;Altamura;;;Altamura_Palagiano
;Angouleme_Roussines;Angouleme;;;Extra bei Hand
;Angouleme_Roussines;Roussines;;;Extra bei Hand
;Arad_Szeged;Arad;;;Arad_Szeged
;Arad_Szeged;Szeged;;;Arad_Szeged
;Arnoldstein_Tarvisio_Extra;Tarvisio;;;Arnoldstein_Tarvisio_Extra
;Arnoldstein_Tarvisio_Extra;Arnoldstein;;;Arnoldstein_Tarvisio_Extra
;ArtereDeLAdour;SanSebastian;;;ArtereDeLAdour
;ArtereDeLAdour;Bayonne;;;ArtereDeLAdour
;Badajoz_Leiria;Badajoz;;;Badajoz_Leiria
;Badajoz_Leiria;Leiria;;;Badajoz_Leiria
;BBL;Bacton;;;BBL
;BBL;AnnaPaulowna;;;BBL
;Benevento_Biccari;Biccari;;;Benevento_Biccari
;Benevento_Biccari;Benevento;;;Benevento_Biccari
;Bernalda_Grumento;Grumento;;;Bernalda_Grumento
;Bernalda_Grumento;Bernalda;;;Bernalda_Grumento
;Berneau_Eynatten;Berneau;;;Berneau_Eynatten
;Berneau_Eynatten;Eynatten;;;Berneau_Eynatten
;Beziers_Lacq;Beziers;;;Beziers_Lacq
;Beziers_Lacq;Lacq;;;Beziers_Lacq
;BGTP;Belfast;;;BGTP
;BGTP;Ballylumford;;;BGTP
;Biccari_Candela;Candela;;;Biccari_Candela
;Biccari_Candela;Biccari;;;Biccari_Candela
;Bordano_MoggioUdinesse_1;MoggioUdinesse;;;Bordano_MoggioUdinesse_1
;Bordano_MoggioUdinesse_1;Bordano;;;Bordano_MoggioUdinesse_1
;Bordano_MoggioUdinesse_2;MoggioUdinesse;;;Bordano_MoggioUdinesse_2
;Bordano_MoggioUdinesse_2;Bordano;;;Bordano_MoggioUdinesse_2
;Bosentino_Trento_1;Trento;;;Bosentino_Trento_1
;Bosentino_Trento_1;Bosentino;;;Bosentino_Trento_1
;Bosentino_Trento_2;Trento;;;Bosentino_Trento_2
;Bosentino_Trento_2;Bosentino;;;Bosentino_Trento_2
;Bourbonne_Lyon;Lyon;;;Bourbonne_Lyon
;Bourbonne_Lyon;Bourbonne;;;Bourbonne_Lyon
;Bourbonne_Paris;Paris;;;Bourbonne_Paris
;Bourbonne_Paris;Bourbonne;;;Bourbonne_Paris
;Brest_Donges;Donges;;;Brest_Donges
;Brest_Donges;Brest;;;Brest_Donges
;Brindisi_Ampeleia;Ampeleia;;;Brindisi_Ampeleia
;Brindisi_Ampeleia;Brindisi;;;Brindisi_Ampeleia
;BRUA;Podisor;;;BRUA
;BRUA;Recas;;;BRUA
;BRUA_Extra_1;Arad;;;BRUA_E
;BRUA_Extra_1;Recas;;;BRUA_E
;BRUA_Extra_2;Szeged;;;BRUA_E
;BRUA_Extra_2;Varosfoeld;;;BRUA_E
;BRUA_Extra_2;Budapest;;;BRUA_E
;BRUA_Extra_2;DeutschJahndorf;;;BRUA_E
;Burgos_SanSebastian;SanSebastian;;;Burgos_SanSebastian
;Burgos_SanSebastian;Burgos;;;Burgos_SanSebastian
;Burgos_Santander;Santander;;;Burgos_Santander
;Burgos_Santander;Burgos;;;Burgos_Santander
;Burgos_Valladolid;Valladolid;;;Burgos_Valladolid
;Burgos_Valladolid;Burgos;;;Burgos_Valladolid
;CalderariEnna_Gela;Gela;;;CalderariEnna_Gela
;CalderariEnna_Gela;CalderariEnna;;;CalderariEnna_Gela
;CalderariEnna_Menfi_1;Menfi;;;CalderariEnna_Menfi_1
;CalderariEnna_Menfi_1;CalderariEnna;;;CalderariEnna_Menfi_1
;CalderariEnna_Menfi_2;Menfi;;;CalderariEnna_Menfi_2
;CalderariEnna_Menfi_2;CalderariEnna;;;CalderariEnna_Menfi_2
;Caldonazzo_Bosentino;Bosentino;;;Caldonazzo_Bosentino
;Caldonazzo_Bosentino;Caldonazzo;;;Caldonazzo_Bosentino
;CampagnaLupia_RavennaTerra;Cavarzere;;;CampagnaLupia_RavennaTerra
;CampagnaLupia_RavennaTerra;CampagnaLupia;;;CampagnaLupia_RavennaTerra
;Campochiaro_Melizzano;Melizzano;;;Campochiaro_Melizzano
;Campochiaro_Melizzano;Campochiaro;;;Campochiaro_Melizzano
;CampoMaior_Leira;Leiria;;;CampoMaior_Leira
;CampoMaior_Leira;CampoMaior;;;CampoMaior_Leira
;Cartagena_Almeria;Cartagena;;;Cartagena_Almeria
;Cartagena_Almeria;Almeria;;;Cartagena_Almeria
;Cartagena_Montesa;Montesa;;;Cartagena_Montesa
;Cartagena_Montesa;Cartagena;;;Cartagena_Montesa
;Cavarzere_Minerbio;Minerbio;;;Cavarzere_Minerbio
;Cavarzere_Minerbio;Cavarzere;;;Cavarzere_Minerbio
;Cavarzere_RavennaTerra;RavennaTerra;;;Cavarzere_RavennaTerra
;Cavarzere_RavennaTerra;Cavarzere;;;Cavarzere_RavennaTerra
;Cervignano_Ripalta;Ripalta;;;Cervignano_Ripalta
;Cervignano_Ripalta;Cervignano;;;Cervignano_Ripalta
;Cervignano_Sergnano;Sergnano;;;Cervignano_Sergnano
;Cervignano_Sergnano;Cervignano;;;Cervignano_Sergnano
;Cervignano_Settala_1;Settala;;;Cervignano_Settala_1
;Cervignano_Settala_1;Cervignano;;;Cervignano_Settala_1
;Cervignano_Settala_2;Settala;;;Cervignano_Settala_2
;Cervignano_Settala_2;Cervignano;;;Cervignano_Settala_2
;Cherbourg_Le Havre;LeHavre;;;Cherbourg_Le Havre
;Cherbourg_Le Havre;Cherbourg;;;Cherbourg_Le Havre
;Chieti_Cupello;Cupello;;;Chieti_Cupello
;Chieti_Cupello;Chieti;;;Chieti_Cupello
;Chinchilla_Montesa;Chinchilla;;;Chinchilla_Montesa
;Chinchilla_Montesa;Montesa;;;Chinchilla_Montesa
;Chivasso_Mortara;Mortara;;;Chivasso_Mortara
;Chivasso_Mortara;Chivasso;;;Chivasso_Mortara
;Chivasso_Poirino;Poirino;;;Chivasso_Poirino
;Chivasso_Poirino;Chivasso;;;Chivasso_Poirino
;Ciciliano_Melizzano;Melizzano;;;Ciciliano_Melizzano
;Ciciliano_Melizzano;Ciciliano;;;Ciciliano_Melizzano
;Cordoba_AlcazarDeSanJuan;Cordoba;;;Cordoba_AlcazarDeSanJuan
;Cordoba_AlcazarDeSanJuan;AlcazarDeSanJuan;;;Cordoba_AlcazarDeSanJuan
;Cordoba_Almendralejo;Cordoba;;;Cordoba_Almendralejo
;Cordoba_Almendralejo;Almendralejo;;;Cordoba_Almendralejo
;Cordoba_CampoMajor_1;CampoMaior;;;Cordoba_CampoMajor_1
;Cordoba_CampoMajor_1;Cordoba;;;Cordoba_CampoMajor_1
;Cordoba_CampoMajor_2;CampoMaior;;;Cordoba_CampoMajor_2
;Cordoba_CampoMajor_2;Cordoba;;;Cordoba_CampoMajor_2
;Cordoba_Grenada;Grenada;;;Cordoba_Grenada
;Cordoba_Grenada;Cordoba;;;Cordoba_Grenada
;Cordoba_Puertollano;Cordoba;;;Cordoba_Puertollano
;Cordoba_Puertollano;Puertollano;;;Cordoba_Puertollano
;Cortemaggiore_Pontremoli;Pontremoli;;;Cortemaggiore_Pontremoli
;Cortemaggiore_Pontremoli;Cortemaggiore;;;Cortemaggiore_Pontremoli
;Crotone_MaidaSEufemia;MaidaSEufemia;;;Crotone_MaidaSEufemia
;Crotone_MaidaSEufemia;Crotone;;;Crotone_MaidaSEufemia
;Cupello_Biccari;Biccari;;;Cupello_Biccari
;Cupello_Biccari;Cupello;;;Cupello_Biccari
;Cupello_Vastogirardi;Vastogirardi;;;Cupello_Vastogirardi
;Cupello_Vastogirardi;Cupello;;;Cupello_Vastogirardi
;Deudan;Quarnstedt;;;Deudan
;Deudan;Ellund_D;;;Deudan
;Deudan;Ellund_DK;;;
;Deudan_Loop;Fockbek;;;Deudan_Loop
;Deudan_Loop;Ellund_D;;;Deudan_Loop
;Donges_Angouleme;Angouleme;;;Donges_Angouleme
;Donges_Angouleme;Donges;;;Donges_Angouleme
;Donges_Paris;Paris;;;Donges_Paris
;Donges_Paris;Donges;;;Donges_Paris
;Ellund_Alborg;Alborg;;;Ellund_Alborg
;Ellund_Alborg;Ellund_DK;;;Ellund_Alborg
;Epe_Legden;Legden;;;Epe_Legden
;Epe_Legden;Epe_H;;;Epe_Legden
;ERM;Ludwigshafen;;;ERM
;ERM;Karlsruhe;;;ERM
;ERM_Extra;Karlsruhe;;;ERM_Extra
;ERM_Extra;AuAmRhein;;;ERM_Extra
;EUGAL_1;Lubmin;;;EUGAL_1
;EUGAL_1;Kienbaum;;;EUGAL_1
;EUGAL_1;Radeland;;;EUGAL_1
;EUGAL_1;Weissack;;;EUGAL_1
;EUGAL_1;Deutschneudorf;;;EUGAL_1
;EUGAL_1;Gebirgsneudorf;;;EUGAL_1
;EUGAL_2;Lubmin;;;EUGAL_1
;EUGAL_2;Kienbaum;;;EUGAL_1
;EUGAL_2;Radeland;;;EUGAL_1
;EUGAL_2;Weissack;;;EUGAL_1
;Europipe_II;Dornum;;;Europipe_II
;Europipe_II;Karsto;;;Europipe_II
;Flaibano_Bordano_1;Bordano;;;Flaibano_Bordano_1
;Flaibano_Bordano_1;Flaibano;;;Flaibano_Bordano_1
;Flaibano_Bordano_2;Bordano;;;Flaibano_Bordano_2
;Flaibano_Bordano_2;Flaibano;;;Flaibano_Bordano_2
;Flaibano_Bordano_3;Bordano;;;Flaibano_Bordano_3
;Flaibano_Bordano_3;Flaibano;;;Flaibano_Bordano_3
;Flaibano_Gonars_1;Gonars;;;Flaibano_Gonars_1
;Flaibano_Gonars_1;Flaibano;;;Flaibano_Gonars_1
;Flaibano_Gonars_2;Gonars;;;Flaibano_Gonars_2
;Flaibano_Gonars_2;Flaibano;;;Flaibano_Gonars_2
;Fluxys_1;Zeebrugge;;;Fluxys
;Fluxys_1;Maldegem;;;Fluxys
;Fluxys_1;Mons;;;Fluxys
;Fluxys_2;Zeebrugge;;;Fluxys
;Fluxys_2;Maldegem;;;Fluxys
;Fluxys_2;Berneau;;;Fluxys
;Foligno_GalleseCivitaCast;Gallese;;;Foligno_GalleseCivitaCast
;Foligno_GalleseCivitaCast;Foligno;;;Foligno_GalleseCivitaCast
;Folmhuse_Grotegaste_Loop;Grotegaste;;;Folmhuse_Grotegaste_Loop
;Folmhuse_Grotegaste_Loop;Folmhusen;;;Folmhuse_Grotegaste_Loop
;Forchheim_Finsing;Finsing;;;Forchheim_Finsing
;Forchheim_Finsing;Forchheim;;;Forchheim_Finsing
;FosSurMer_Beziers;FosSurMer;;;FosSurMer_Beziers
;FosSurMer_Beziers;Beziers;;;FosSurMer_Beziers
;FosSurMer_Tersanne;Tersanne;;;FosSurMer_Tersanne
;FosSurMer_Tersanne;FosSurMer;;;FosSurMer_Tersanne
;FosSurMer_Vorepe_1;Vorepe;;;FosSurMer_Vorepe_1
;FosSurMer_Vorepe_1;FosSurMer;;;FosSurMer_Vorepe_1
;FosSurMer_Vorepe_2;Vorepe;;;FosSurMer_Vorepe_2
;FosSurMer_Vorepe_2;FosSurMer;;;FosSurMer_Vorepe_2
;GaglianoSparacollo_CalderariEnna_1;CalderariEnna;;;GaglianoSparacollo_CalderariEnna_1
;GaglianoSparacollo_CalderariEnna_1;GaglianoSparacollo;;;GaglianoSparacollo_CalderariEnna_1
;GaglianoSparacollo_CalderariEnna_2;CalderariEnna;;;GaglianoSparacollo_CalderariEnna_2
;GaglianoSparacollo_CalderariEnna_2;GaglianoSparacollo;;;GaglianoSparacollo_CalderariEnna_2
;GaglianoSparacollo_CalderariEnna_3;CalderariEnna;;;GaglianoSparacollo_CalderariEnna_3
;GaglianoSparacollo_CalderariEnna_3;GaglianoSparacollo;;;GaglianoSparacollo_CalderariEnna_3
;GaglianoSparacollo_Gagliano;Gagliano;;;GaglianoSparacollo_Gagliano
;GaglianoSparacollo_Gagliano;GaglianoSparacollo;;;GaglianoSparacollo_Gagliano
;GalleseCivitaCast_Ciciliano;Ciciliano;;;GalleseCivitaCast_Ciciliano
;GalleseCivitaCast_Ciciliano;Gallese;;;GalleseCivitaCast_Ciciliano
;GalleseCivitaCast_Oricola;Oricola;;;GalleseCivitaCast_Oricola
;GalleseCivitaCast_Oricola;Gallese;;;GalleseCivitaCast_Oricola
;Gazelle_1;Brandov;;;Gazelle
;Gazelle_1;Gebirgsneudorf;;;Gazelle
;Gazelle_1;Rozvadov;;;Gazelle
;Gernsheim_NKP;Gernsheim;;;Gernsheim_NKP
;Gernsheim_NKP;Herchenrode;;;Gernsheim_NKP
;Gijon_Oviedo;Oviedo;;;Gijon_Oviedo
;Gijon_Oviedo;Gijon;;;Gijon_Oviedo
;Giurgiu_Rus;Giurgiu;;;Giurgiu_Rus
;Giurgiu_Rus;Russe;;;Giurgiu_Rus
;Giurgiu_Rus_Extra_1;Podisor;;;Giurgiu_Rus_E
;Giurgiu_Rus_Extra_1;Giurgiu;;;Giurgiu_Rus_E
;Golasecca_Oltrona;Oltrona;;;Golasecca_Oltrona
;Golasecca_Oltrona;Golasecca;;;Golasecca_Oltrona
;Gonars_Villesse;Villesse;;;Gonars_Villesse
;Gonars_Villesse;Gonars;;;Gonars_Villesse
;Groningen_Rehden_Extra;Groningen;;;Groningen_Rehden_Extra
;Groningen_Rehden_Extra;Rehden;;;Groningen_Rehden_Extra
;Grumento_Moliterno;Moliterno;;;Grumento_Moliterno
;Grumento_Moliterno;Grumento;;;Grumento_Moliterno
;Grumento_MonteAlpi_1;MonteAlpi;;;Grumento_MonteAlpi_1
;Grumento_MonteAlpi_1;Grumento;;;Grumento_MonteAlpi_1
;Grumento_MonteAlpi_2;MonteAlpi;;;Grumento_MonteAlpi_2
;Grumento_MonteAlpi_2;Grumento;;;Grumento_MonteAlpi_2
;Grumento_MontesanoSullaMarcellana;Montesano;;;Grumento_MontesanoSullaMarcellana
;Grumento_MontesanoSullaMarcellana;Grumento;;;Grumento_MontesanoSullaMarcellana
;GTS_1_Extra;AnnaPaulowna;;;GTS
;GTS_1_Extra;Wieringermeer;;;GTS
;GTS_1_Extra;Groningen;;;GTS
;GTS_2_Extra;Maastricht;;;GTS
;GTS_2_Extra;Ravenstein;;;GTS
;GTS_2_Extra;Ewijk;;;GTS
;GTS_2_Extra;Wijngaarden;;;GTS
;GTS_2_Extra;Wieringermeer;;;GTS
;HAG_1;Baumgarten;;;HAG
;HAG_1;Kittsee;;;HAG
;HAG_1;DeutschJahndorf;;;HAG
;Hauts_de_France;Cuvilly;;;Hauts_de_France
;Hauts_de_France;Pitgam;;;Hauts_de_France
;Hauts_de_France_II;Pitgam;;;Hauts_de_France_II
;Hauts_de_France_II;Dunkerque;;;Hauts_de_France_II
;Huelva_Cordoba;Huelva;;;Huelva_Cordoba
;Huelva_Cordoba;Cordoba;;;Huelva_Cordoba
;IndefatigableHewitt_Bacton;Bacton;;;E106, Leman Bank
;IndefatigableHewitt_Bacton;Indefatigable;;;E106, Leman Bank
;Interconnector;Zeebrugge;;;Interconnector
;Interconnector;Bacton;;;Interconnector
;Interconnector_1;Loughshinny;;;Interconnector_1
;Interconnector_1;Beattock;;;Interconnector_2
;Interconnector_1;Gormanston;;;Interconnector_2
;Istrana_Caldonazzo;Caldonazzo;;;Istrana_Caldonazzo
;Istrana_Caldonazzo;Istrana;;;Istrana_Caldonazzo
;Istrana_Mira;Mira;;;Istrana_Mira
;Istrana_Mira;Istrana;;;Istrana_Mira
;Istrana_SPoloDiPiave_1;SPoloDiPiave;;;Istrana_SPoloDiPiave_1
;Istrana_SPoloDiPiave_1;Istrana;;;Istrana_SPoloDiPiave_1
;Istrana_SPoloDiPiave_2;SPoloDiPiave;;;Istrana_SPoloDiPiave_2
;Istrana_SPoloDiPiave_2;Istrana;;;Istrana_SPoloDiPiave_2
;Istrana_SPoloDiPiave_3;SPoloDiPiave;;;Istrana_SPoloDiPiave_3
;Istrana_SPoloDiPiave_3;Istrana;;;Istrana_SPoloDiPiave_3
;JAGAL_1;Mallnow;;;JAGAL
;JAGAL_1;Kienbaum;;;JAGAL
;JAGAL_1;Radeland;;;JAGAL
;JAGAL_1;Rueckersdorf;;;JAGAL
;JAMAL_1;Kondratki;;;JAMAL
;JAMAL_1;Wloclawek;;;JAMAL
;JAMAL_1;Mallnow;;;JAMAL
;JAMAL_2;Wloclawek;;;JAMAL
;JAMAL_2;Wysokoje;;;JAMAL
;KIP;Petrzalka;;;KIP
;KIP;Kittsee;;;KIP
;Lack_Bayonne;Bayonne;;;Lack_Bayonne
;Lack_Bayonne;Lacq;;;Lack_Bayonne
;Lacq_Angouleme;Lacq;;;Lacq_Angouleme
;Lacq_Angouleme;Angouleme;;;Lacq_Angouleme
;Lacq_Navarra;Navarra;;;Lacq_Navarra
;Lacq_Navarra;Lacq;;;Lacq_Navarra
;Latiano_Brindisi_1;Brindisi;;;Latiano_Brindisi_1
;Latiano_Brindisi_1;Latiano;;;Latiano_Brindisi_1
;Latiano_Brindisi_2;Brindisi;;;Latiano_Brindisi_2
;Latiano_Brindisi_2;Latiano;;;Latiano_Brindisi_2
;Lauria_Morano_1;Morano;;;Lauria_Morano_1
;Lauria_Morano_1;Lauria;;;Lauria_Morano_1
;Lauria_Morano_2;Morano;;;Lauria_Morano_2
;Lauria_Morano_2;Lauria;;;Lauria_Morano_2
;Legden_StHubert;StHubert;;;Legden_StHubert
;Legden_StHubert;Legden;;;Legden_StHubert
;LeHavre_Paris_1;Paris;;;LeHavre_Paris_1
;LeHavre_Paris_1;LeHavre;;;LeHavre_Paris_1
;LeHavre_Paris_2;Paris;;;LeHavre_Paris_2
;LeHavre_Paris_2;LeHavre;;;LeHavre_Paris_2
;Leira_Braga;Braga;;;Leira_Braga
;Leira_Braga;Leiria;;;Leira_Braga
;Leiria_Tuy;Leiria;;;Leiria_Tuy
;Leiria_Tuy;Tuy;;;Leiria_Tuy
;Lingen_PS;Lingen;;;Lingen_PS
;Lingen_PS;Lingen;;;Lingen_PS
;Llandarcy_Bacton;Bacton;;;Llandarcy_Bacton
;Llandarcy_Bacton;Llandarcy;;;Llandarcy_Bacton
;LSF_1;Schwandorf;;;LSF
;LSF_1;Forchheim;;;LSF
;LSF_1;Finsing;;;LSF
;LSF_Extra;Finsing;;;LSF_Extra
;LSF_Extra;Burghausen;;;LSF_Extra
;Lyon_Annecy_1;Annecy;;;E29
;Lyon_Annecy_1;Lyon;;;E29
;Lyon_Annecy_2;Annecy;;;E29
;Lyon_Annecy_2;Tersanne;;;E29
;Lyon_Tersanne_1;Lyon;;;E29
;Lyon_Tersanne_1;Tersanne;;;E29
;Lyon_Tersanne_2;Lyon;;;E29
;Lyon_Tersanne_2;Tersanne;;;E29
;Maastrict_Paris_1;Maastricht;;;E48
;Maastrict_Paris_1;Berneau;;;E48
;Maastrict_Paris_2;Maastricht;;;E48
;Maastrict_Paris_2;Berneau;;;E48
;Maastrict_Paris_3;Berneau;;;E48_2
;Maastrict_Paris_3;Mons;;;E48_2
;Maastrict_Paris_4;Berneau;;;E48_2
;Maastrict_Paris_4;Mons;;;E48_2
;Maastrict_Paris_5;Mons;;;E48
;Maastrict_Paris_5;Cuvilly;;;E48
;Maastrict_Paris_5;Paris;;;E48
;Maastrict_Paris_6;Mons;;;E48
;Maastrict_Paris_6;Cuvilly;;;E48
;Maastrict_Paris_6;Paris;;;E48
;Madrid_Palancares;MarismaPalancares;;;Madrid_Palancares
;Madrid_Palancares;Madrid;;;Madrid_Palancares
;MAGAL2France;Medelsheim;;;MAGAL2France
;MAGAL2France;Nancy;;;MAGAL2France
;MaidaSEufemia_Palmi_1;Palmi;;;MaidaSEufemia_Palmi_1
;MaidaSEufemia_Palmi_1;MaidaSEufemia;;;MaidaSEufemia_Palmi_1
;MaidaSEufemia_Palmi_2;Palmi;;;MaidaSEufemia_Palmi_2
;MaidaSEufemia_Palmi_2;MaidaSEufemia;;;MaidaSEufemia_Palmi_2
;MaidaSEufemia_ReggioCalabria;ReggioCalabria;;;MaidaSEufemia_ReggioCalabria
;MaidaSEufemia_ReggioCalabria;MaidaSEufemia;;;MaidaSEufemia_ReggioCalabria
;Malbroghetto_Tarvisio_1;Tarvisio;;;Malbroghetto_Tarvisio_1
;Malbroghetto_Tarvisio_1;Malbroghetto;;;Malbroghetto_Tarvisio_1
;Malbroghetto_Tarvisio_2;Tarvisio;;;Malbroghetto_Tarvisio_2
;Malbroghetto_Tarvisio_2;Malbroghetto;;;Malbroghetto_Tarvisio_2
;Malbroghetto_Tarvisio_3;Tarvisio;;;Malbroghetto_Tarvisio_3
;Malbroghetto_Tarvisio_3;Malbroghetto;;;Malbroghetto_Tarvisio_3
;Maldegem_Zeebrugge_Extra;Zeebrugge;;;Maldegem_Zeebrugge_Extra
;Maldegem_Zeebrugge_Extra;Maldegem;;;Maldegem_Zeebrugge_Extra
;MarismaPalancares_Madrid;Madrid;;;MarismaPalancares_Madrid
;MarismaPalancares_Madrid;MarismaPalancares;;;MarismaPalancares_Madrid
;Masera_Veruno_1;Veruno;;;Masera_Veruno_1
;Masera_Veruno_1;Masera;;;Masera_Veruno_1
;Masera_Veruno_2;Veruno;;;Masera_Veruno_2
;Masera_Veruno_2;Masera;;;Masera_Veruno_2
;MEGAL_Nord_1;Waidhaus;;;MEGAL_Nord_1
;MEGAL_Nord_1;Rothenstadt;;;MEGAL_Nord_1
;MEGAL_Nord_1;Rimpar;;;MEGAL_Nord_2
;MEGAL_Nord_1;Gernsheim;;;MEGAL_Nord_3
;MEGAL_Nord_1;MittelbrunnMEGAL;;;MEGAL_Nord_4
;MEGAL_Nord_1;Obergailbach;;;MEGAL_Nord_4
;MEGAL_Nord_Loop_1;Waidhaus;;;MEGAL_Nord_5
;MEGAL_Nord_Loop_1;Rothenstadt;;;MEGAL_Nord_5
;MEGAL_Nord_Loop_1;Rimpar;;;MEGAL_Nord_5
;MEGAL_Nord_Loop_1;Gernsheim;;;MEGAL_Nord_5
;MEGAL_Nord_Loop_1;MittelbrunnMEGAL;;;MEGAL_Nord_6
;MEGAL_Nord_Loop_1;Obergailbach;;;MEGAL_Nord_6
;MEGAL_Sued_1_1;Rothenstadt;;;MEGAL_Sued_1
;MEGAL_Sued_1_1;Schwandorf;;;MEGAL_Sued_1
;MEGAL_Sued_1_1;Windberg;;;MEGAL_Sued_1
;MEGAL_Sued_1_1;Wildenranna;;;MEGAL_Sued_1
;MEGAL_Sued_1_1;Oberkappel;;;MEGAL_Sued_1
;MEGAL_Sued_2_1;Rothenstadt;;;MEGAL_Sued_2
;MEGAL_Sued_2_1;Schwandorf;;;MEGAL_Sued_2
;MEGAL_Sued_2_1;Windberg;;;MEGAL_Sued_2
;Melizzano_Benevento;Benevento;;;Melizzano_Benevento
;Melizzano_Benevento;Melizzano;;;Melizzano_Benevento
;Menfi_MazaraDelVallo_1;MazaraDelVallo;;;Menfi_MazaraDelVallo_1
;Menfi_MazaraDelVallo_1;Menfi;;;Menfi_MazaraDelVallo_1
;Menfi_MazaraDelVallo_2;MazaraDelVallo;;;Menfi_MazaraDelVallo_2
;Menfi_MazaraDelVallo_2;Menfi;;;Menfi_MazaraDelVallo_2
;Menfi_MazaraDelVallo_3;MazaraDelVallo;;;Menfi_MazaraDelVallo_3
;Menfi_MazaraDelVallo_3;Menfi;;;Menfi_MazaraDelVallo_3
;Messina_Montalbano_1;Montalbano;;;Messina_Montalbano_1
;Messina_Montalbano_1;Messina;;;Messina_Montalbano_1
;Messina_Montalbano_2;Montalbano;;;Messina_Montalbano_2
;Messina_Montalbano_2;Messina;;;Messina_Montalbano_2
;Messina_Montalbano_3;Montalbano;;;Messina_Montalbano_3
;Messina_Montalbano_3;Messina;;;Messina_Montalbano_3
;MHP;Tirley;;;"South Wales Gas Pipeline, from the South Hook LNG terminal to the National Transmission System. ""Milford Haven pipeline"" = ""South Wales Gas Pipeline"""
;MHP;Milford Haven;;;"South Wales Gas Pipeline, from the South Hook LNG terminal to the National Transmission System. ""Milford Haven pipeline"" = ""South Wales Gas Pipeline"""
;MIDAL_1;Krummhoern;;;MIDAL
;MIDAL_1;Rysum;;;MIDAL
;MIDAL_1;Bunde;;;MIDAL
;MIDAL_1;Grotegaste;;;MIDAL
;MIDAL_1;Folmhusen;;;MIDAL
;MIDAL_1;Rehden;;;MIDAL
;MIDAL_1;Lippe;;;MIDAL
;MIDAL_1;Reckrod;;;MIDAL
;MIDAL_1;Ludwigshafen;;;MIDAL
;Minerbio_Parma;Parma;;;Minerbio_Parma
;Minerbio_Parma;Minerbio;;;Minerbio_Parma
;Minerbio_RavennaTerra;RavennaTerra;;;Minerbio_RavennaTerra
;Minerbio_RavennaTerra;Minerbio;;;Minerbio_RavennaTerra
;Mira_CampagnaLupia;CampagnaLupia;;;Mira_CampagnaLupia
;Mira_CampagnaLupia;Mira;;;Mira_CampagnaLupia
;MoggioUdinesse_Pontebba_1;Pontebba;;;MoggioUdinesse_Pontebba_1
;MoggioUdinesse_Pontebba_1;MoggioUdinesse;;;MoggioUdinesse_Pontebba_1
;MoggioUdinesse_Pontebba_2;Pontebba;;;MoggioUdinesse_Pontebba_2
;MoggioUdinesse_Pontebba_2;MoggioUdinesse;;;MoggioUdinesse_Pontebba_2
;MoggioUdinesse_Pontebba_3;Pontebba;;;MoggioUdinesse_Pontebba_3
;MoggioUdinesse_Pontebba_3;MoggioUdinesse;;;MoggioUdinesse_Pontebba_3
;Moliterno_Lauria_1;Lauria;;;Moliterno_Lauria_1
;Moliterno_Lauria_1;Moliterno;;;Moliterno_Lauria_1
;Moliterno_Lauria_2;Lauria;;;Moliterno_Lauria_2
;Moliterno_Lauria_2;Moliterno;;;Moliterno_Lauria_2
;Moliterno_MontesanoSullaMarcellana_1;Montesano;;;Moliterno_MontesanoSullaMarcellana_1
;Moliterno_MontesanoSullaMarcellana_1;Moliterno;;;Moliterno_MontesanoSullaMarcellana_1
;Moliterno_MontesanoSullaMarcellana_2;Montesano;;;Moliterno_MontesanoSullaMarcellana_2
;Moliterno_MontesanoSullaMarcellana_2;Moliterno;;;Moliterno_MontesanoSullaMarcellana_2
;Monaco;Finsing;;;Monaco
;Monaco;Burghausen;;;Monaco
;Montalbano_GaglianoSparacollo_1;GaglianoSparacollo;;;Montalbano_GaglianoSparacollo_1
;Montalbano_GaglianoSparacollo_1;Montalbano;;;Montalbano_GaglianoSparacollo_1
;Montalbano_GaglianoSparacollo_2;GaglianoSparacollo;;;Montalbano_GaglianoSparacollo_2
;Montalbano_GaglianoSparacollo_2;Montalbano;;;Montalbano_GaglianoSparacollo_2
;Montalbano_GaglianoSparacollo_3;GaglianoSparacollo;;;Montalbano_GaglianoSparacollo_3
;Montalbano_GaglianoSparacollo_3;Montalbano;;;Montalbano_GaglianoSparacollo_3
;Montesa_Ibiza;Montesa;;;Montesa_Ibiza
;Montesa_Ibiza;Ibiza;;;Montesa_Ibiza
;Montesa_Tivisa;Montesa;;;Montesa_Tivisa
;Montesa_Tivisa;Tivisa;;;Montesa_Tivisa
;MontesanoSullaMarcellana_Melizzano_1;Melizzano;;;MontesanoSullaMarcellana_Melizzano_1
;MontesanoSullaMarcellana_Melizzano_1;Montesano;;;MontesanoSullaMarcellana_Melizzano_1
;MontesanoSullaMarcellana_Melizzano_2;Melizzano;;;MontesanoSullaMarcellana_Melizzano_2
;MontesanoSullaMarcellana_Melizzano_2;Montesano;;;MontesanoSullaMarcellana_Melizzano_2
;Montoir_Donges_Extra;Montoir;;;Montoir_Donges_Extra
;Montoir_Donges_Extra;Donges;;;Montoir_Donges_Extra
;Morano_Tarsia_1;Tarsia;;;Morano_Tarsia_1
;Morano_Tarsia_1;Morano;;;Morano_Tarsia_1
;Morano_Tarsia_2;Tarsia;;;Morano_Tarsia_2
;Morano_Tarsia_2;Morano;;;Morano_Tarsia_2
;Morano_Tarsia_3;Tarsia;;;Morano_Tarsia_3
;Morano_Tarsia_3;Morano;;;Morano_Tarsia_3
;Mortara_Alessandria_1;Alessandria;;;Mortara_Alessandria_1
;Mortara_Alessandria_1;Mortara;;;Mortara_Alessandria_1
;Mortara_Alessandria_2;Alessandria;;;Mortara_Alessandria_2
;Mortara_Alessandria_2;Mortara;;;Mortara_Alessandria_2
;Mortara_Cervignano_1;Cervignano;;;Mortara_Cervignano_1
;Mortara_Cervignano_1;Mortara;;;Mortara_Cervignano_1
;Mortara_Cervignano_2;Cervignano;;;Mortara_Cervignano_2
;Mortara_Cervignano_2;Mortara;;;Mortara_Cervignano_2
;Nancy_Bourbonne;Bourbonne;;;Nancy_Bourbonne
;Nancy_Bourbonne;Nancy;;;Nancy_Bourbonne
;Nancy_Strasbourg;Strasbourg;;;Nancy_Strasbourg
;Nancy_Strasbourg;Nancy;;;Nancy_Strasbourg
;NEL_1;Lubmin;;;NEL
;NEL_1;Embsen;;;NEL
;NEL_1;Rehden;;;NEL
;NETRA_1;Dornum;;;NETRA
;NETRA_1;Wardenburg;;;NETRA
;NETRA_1;Embsen;;;NETRA
;NETRA_1;Steinitz;;;NETRA
;Netzkupplung_Drohne;Rehden;;;Netzkupplung_Drohne
;Netzkupplung_Drohne;Drohne;;;Netzkupplung_Drohne
;Nordschwarzwaldleitung;Leonberg;;;Nordschwarzwaldleitung
;Nordschwarzwaldleitung;AuAmRhein;;;Nordschwarzwaldleitung
;NOWAL;Rehden;;;NOWAL
;NOWAL;Drohne;;;NOWAL
;NWP;Coolkeeragh;;;NWP
;NWP;Carrickfergus;;;NWP
;Oltrona_Bizzarone;Bizzarone;;;Oltrona_Bizzarone
;Oltrona_Bizzarone;Oltrona;;;Oltrona_Bizzarone
;OPAL_Nord_1;Lubmin;;;OPAL_Nord
;OPAL_Nord_1;Kienbaum;;;OPAL_Nord
;OPAL_Nord_1;Radeland;;;OPAL_Nord
;OPAL_Sued;Radeland;;;OPAL_Sued
;OPAL_Sued;Olbernhau;;;OPAL_Sued
;Oricola_Ciciliano;Ciciliano;;;Oricola_Ciciliano
;Oricola_Ciciliano;Oricola;;;Oricola_Ciciliano
;Oricola_Sulmona;Sulmona;;;Oricola_Sulmona
;Oricola_Sulmona;Oricola;;;Oricola_Sulmona
;Oviedo_Tuy;Oviedo;;;Oviedo_Tuy
;Oviedo_Tuy;Tuy;;;Oviedo_Tuy
;Palagiano_Bernalda_1;Bernalda;;;Palagiano_Bernalda_1
;Palagiano_Bernalda_1;Palagiano;;;Palagiano_Bernalda_1
;Palagiano_Bernalda_2;Bernalda;;;Palagiano_Bernalda_2
;Palagiano_Bernalda_2;Palagiano;;;Palagiano_Bernalda_2
;Palagiano_Latiano_1;Latiano;;;Palagiano_Latiano_1
;Palagiano_Latiano_1;Palagiano;;;Palagiano_Latiano_1
;Palagiano_Latiano_2;Latiano;;;Palagiano_Latiano_2
;Palagiano_Latiano_2;Palagiano;;;Palagiano_Latiano_2
;Palmi_Messina_1;Messina;;;Palmi_Messina_1
;Palmi_Messina_1;Palmi;;;Palmi_Messina_1
;Palmi_Messina_2;Messina;;;Palmi_Messina_2
;Palmi_Messina_2;Palmi;;;Palmi_Messina_2
;Parma_Cortemaggiore;Cortemaggiore;;;Parma_Cortemaggiore
;Parma_Cortemaggiore;Parma;;;Parma_Cortemaggiore
;Parma_Pontremoli;Pontremoli;;;Parma_Pontremoli
;Parma_Pontremoli;Parma;;;Parma_Pontremoli
;PassoGries_Masera;Masera;;;PassoGries_Masera
;PassoGries_Masera;Griespass;;;PassoGries_Masera
;PENTA_West;Burghausen;;;PENTA_West
;PENTA_West;Haiming;;;PENTA_West
;PENTA_West;Oberkappel;;;PENTA_West
;Pinto_Roccasecca;Roccasecca;;;Pinto_Roccasecca
;Pinto_Roccasecca;Pinto;;;Pinto_Roccasecca
;Pitgam_Maldegem;Maldegem;;;Pitgam_Maldegem
;Pitgam_Maldegem;Pitgam;;;Pitgam_Maldegem
;PoggioRenatico_Cortemaggiore;Cortemaggiore;;;PoggioRenatico_Cortemaggiore
;PoggioRenatico_Cortemaggiore;PoggioRenatico;;;PoggioRenatico_Cortemaggiore
;PoggioRenatico_Minerbio_1;Minerbio;;;PoggioRenatico_Minerbio_1
;PoggioRenatico_Minerbio_1;PoggioRenatico;;;PoggioRenatico_Minerbio_1
;PoggioRenatico_Minerbio_2;Minerbio;;;PoggioRenatico_Minerbio_2
;PoggioRenatico_Minerbio_2;PoggioRenatico;;;PoggioRenatico_Minerbio_2
;Poirino_Alessandria;Alessandria;;;Poirino_Alessandria
;Poirino_Alessandria;Poirino;;;Poirino_Alessandria
;Pontebba_Malbroghetto_1;Malbroghetto;;;Pontebba_Malbroghetto_1
;Pontebba_Malbroghetto_1;Pontebba;;;Pontebba_Malbroghetto_1
;Pontebba_Malbroghetto_2;Malbroghetto;;;Pontebba_Malbroghetto_2
;Pontebba_Malbroghetto_2;Pontebba;;;Pontebba_Malbroghetto_2
;Pontremoli_LaSpezia;LaSpezia;;;Pontremoli_LaSpezia
;Pontremoli_LaSpezia;Pontremoli;;;Pontremoli_LaSpezia
;PortoViro_Cavarzere;Cavarzere;;;PortoViro_Cavarzere
;PortoViro_Cavarzere;PortoViro;;;PortoViro_Cavarzere
;Puertollano_Madrid;Puertollano;;;Puertollano_Madrid
;Puertollano_Madrid;Madrid;;;Puertollano_Madrid
;Quarnstedt_Hamburg;Quarnstedt;;;Quarnstedt_Hamburg
;Quarnstedt_Hamburg;Hamburg;;;Quarnstedt_Hamburg
;RavennaMare_Rubicone;Rubicone;;;RavennaMare_Rubicone
;RavennaMare_Rubicone;RavennaMare;;;RavennaMare_Rubicone
;RavennaTerra_Casalborsetti_1;Casalborsetti;;;RavennaTerra_Casalborsetti_1
;RavennaTerra_Casalborsetti_1;RavennaTerra;;;RavennaTerra_Casalborsetti_1
;RavennaTerra_Casalborsetti_2;Casalborsetti;;;RavennaTerra_Casalborsetti_2
;RavennaTerra_Casalborsetti_2;RavennaTerra;;;RavennaTerra_Casalborsetti_2
;RavennaTerra_RavennaMare_1;RavennaMare;;;RavennaTerra_RavennaMare_1
;RavennaTerra_RavennaMare_1;RavennaTerra;;;RavennaTerra_RavennaMare_1
;RavennaTerra_RavennaMare_2;RavennaMare;;;RavennaTerra_RavennaMare_2
;RavennaTerra_RavennaMare_2;RavennaTerra;;;RavennaTerra_RavennaMare_2
;Recanati_Chieti;Chieti;;;Recanati_Chieti
;Recanati_Chieti;Recanati;;;Recanati_Chieti
;Recanati_Foligno;Foligno;;;Recanati_Foligno
;Recanati_Foligno;Recanati;;;Recanati_Foligno
;ReggioCalabria_Messina_1;Messina;;;ReggioCalabria_Messina_1
;ReggioCalabria_Messina_1;ReggioCalabria;;;ReggioCalabria_Messina_1
;ReggioCalabria_Messina_2;Messina;;;ReggioCalabria_Messina_2
;ReggioCalabria_Messina_2;ReggioCalabria;;;ReggioCalabria_Messina_2
;ReggioCalabria_Messina_3;Messina;;;ReggioCalabria_Messina_3
;ReggioCalabria_Messina_3;ReggioCalabria;;;ReggioCalabria_Messina_3
;Rende_MaidaSEufemia_1;MaidaSEufemia;;;Rende_MaidaSEufemia_1
;Rende_MaidaSEufemia_1;Rende;;;Rende_MaidaSEufemia_1
;Rende_MaidaSEufemia_2;MaidaSEufemia;;;Rende_MaidaSEufemia_2
;Rende_MaidaSEufemia_2;Rende;;;Rende_MaidaSEufemia_2
;Rende_MaidaSEufemia_3;MaidaSEufemia;;;Rende_MaidaSEufemia_3
;Rende_MaidaSEufemia_3;Rende;;;Rende_MaidaSEufemia_3
;Rheinfeld_Wallbach_Extra;Rheinfelden;;;Rheinfeld_Wallbach_Extra
;Rheinfeld_Wallbach_Extra;Wallbach;;;Rheinfeld_Wallbach_Extra
;RHG;Hamburg;;;RHG
;RHG;Rehden;;;RHG
;Rimini_Sansepolcro;Sansepolcro;;;Rimini_Sansepolcro
;Rimini_Sansepolcro;Rimini;;;Rimini_Sansepolcro
;Ripalta_Cortemaggiore_1;Cortemaggiore;;;Ripalta_Cortemaggiore_1
;Ripalta_Cortemaggiore_1;Ripalta;;;Ripalta_Cortemaggiore_1
;Ripalta_Cortemaggiore_2;Cortemaggiore;;;Ripalta_Cortemaggiore_2
;Ripalta_Cortemaggiore_2;Ripalta;;;Ripalta_Cortemaggiore_2
;Roussines_Paris;Roussines;;;Roussines_Paris
;Roussines_Paris;Paris;;;Roussines_Paris
;Rubicone_Rimini;Rimini;;;Rubicone_Rimini
;Rubicone_Rimini;Rubicone;;;Rubicone_Rimini
;Salzwedel_Berlin;Berlin;;;Salzwedel_Berlin
;Salzwedel_Berlin;Steinitz;;;Salzwedel_Berlin
;Salzwedel_Berlin_Extra;Berlin;;;Salzwedel_Berlin_Extra
;Salzwedel_Berlin_Extra;Kienbaum;;;Salzwedel_Berlin_Extra
;Sansepolcro_TerranuovaBracc;TerranuovaBracciolini;;;Sansepolcro_TerranuovaBracc
;Sansepolcro_TerranuovaBracc;Sansepolcro;;;Sansepolcro_TerranuovaBracc
;Santander_Avilles;Avilles;;;Santander_Avilles
;Santander_Avilles;Santander;;;Santander_Avilles
;Schwandorf_Forchheim;Forchheim;;;Schwandorf_Forchheim
;Schwandorf_Forchheim;Schwandorf;;;Schwandorf_Forchheim
;Sergnano_Cremona;Cremona;;;Sergnano_Cremona
;Sergnano_Cremona;Sergnano;;;Sergnano_Cremona
;Sergnano_Vigasio;Vigasio;;;Sergnano_Vigasio
;Sergnano_Vigasio;Sergnano;;;Sergnano_Vigasio
;Settala_Monza;Monza;;;Settala_Monza
;Settala_Monza;Settala;;;Settala_Monza
;Setubal_Leira;Leiria;;;Setubal_Leira
;Setubal_Leira;Setubal;;;Setubal_Leira
;SNIP;Islandmagee;;;SNIP
;SNIP;Twynholm;;;SNIP
;SNP;Gormanston;;;SNP
;SNP;Moffat;;;SNP
;SOL;Murfeld;;;SOL
;SOL;Weitendorf;;;SOL
;SPoloDiPiave_Flaibano_1;Flaibano;;;SPoloDiPiave_Flaibano_1
;SPoloDiPiave_Flaibano_1;SPoloDiPiave;;;SPoloDiPiave_Flaibano_1
;SPoloDiPiave_Flaibano_2;Flaibano;;;SPoloDiPiave_Flaibano_2
;SPoloDiPiave_Flaibano_2;SPoloDiPiave;;;SPoloDiPiave_Flaibano_2
;SPoloDiPiave_Flaibano_3;Flaibano;;;SPoloDiPiave_Flaibano_3
;SPoloDiPiave_Flaibano_3;SPoloDiPiave;;;SPoloDiPiave_Flaibano_3
;STEGAL;Brandov;;;STEGAL
;STEGAL;Olbernhau;;;STEGAL
;STEGAL;Rueckersdorf;;;STEGAL
;STEGAL;Duerrengleina;;;STEGAL
;STEGAL;Eischleben;;;STEGAL
;STEGAL;Wolfsbehringen;;;STEGAL
;STEGAL;Reckrod;;;STEGAL
;STEGAL_Loop;Wolfsbehringen;;;STEGAL_Loop
;STEGAL_Loop;Eischleben;;;STEGAL_Loop
;STEGAL_Loop;Duerrengleina;;;STEGAL_Loop
;StFergus_Birmingham;Birmingham;;;StFergus_Birmingham
;StFergus_Birmingham;StFergus;;;StFergus_Birmingham
;StFergus_Exeter;Exeter;;;StFergus_Exeter
;StFergus_Exeter;StFergus;;;StFergus_Exeter
;StHubert_Weissweiler;Weisweiler;;;StHubert_Weissweiler
;StHubert_Weissweiler;StHubert;;;StHubert_Weissweiler
;Stolberg_Eynatten;Eynatten;;;Stolberg_Eynatten
;Stolberg_Eynatten;Stolberg;;;Stolberg_Eynatten
;SuedDeutschland_1;StutenseeBlankenloch;;;SuedDeutschland
;SuedDeutschland_1;Scharenstetten;;;SuedDeutschland
;TAG;Baumgarten;;;TAG_1
;TAG;Arnoldstein;;;TAG_2
;TAG;Weitendorf;;;TAG_2
;TAG;Arnoldstein;;;TAG_2
;TAG_Loop;Baumgarten;;;TAG_Loop_2
;TAG_Loop;Arnoldstein;;;TAG_Loop_2
;TAP;Kipoi;;;TAP
;TAP;BilishtQendr;;;TAP
;TAP;Topoje;;;TAP
;TAP;Melendugno;;;TAP
;TAP;Brindisi;;;TAP
;Tarsia_Crotone;Crotone;;;Tarsia_Crotone
;Tarsia_Crotone;Tarsia;;;Tarsia_Crotone
;Tarsia_Rende_1;Rende;;;Tarsia_Rende_1
;Tarsia_Rende_1;Tarsia;;;Tarsia_Rende_1
;Tarsia_Rende_2;Rende;;;Tarsia_Rende_2
;Tarsia_Rende_2;Tarsia;;;Tarsia_Rende_2
;Tarsia_Rende_3;Rende;;;Tarsia_Rende_3
;Tarsia_Rende_3;Tarsia;;;Tarsia_Rende_3
;TENP;Wallbach;;;TENP
;TENP;Huegelheim;;;TENP
;TENP;Schwarzach;;;TENP
;TENP;AuAmRhein;;;TENP
;TENP;MittelbrunnTENP;;;TENP
;TENP;Stolberg;;;TENP
;TENP;Bocholtz;;;TENP
;TENP_Loop;Wallbach;;;TENP_Loop
;TENP_Loop;Huegelheim;;;TENP_Loop
;TENP_Loop;Schwarzach;;;TENP_Loop
;TENP_Loop;AuAmRhein;;;TENP_Loop
;TENP_Loop;MittelbrunnTENP;;;TENP_Loop
;TENP_Loop;Stolberg;;;TENP_Loop
;TENP_Loop;Bocholtz;;;TENP_Loop
;TerranuovaBracc_GalleseCivitaCast_1;Gallese;;;TerranuovaBracc_GalleseCivitaCast_1
;TerranuovaBracc_GalleseCivitaCast_1;TerranuovaBracciolini;;;TerranuovaBracc_GalleseCivitaCast_1
;TerranuovaBracc_GalleseCivitaCast_2;Gallese;;;TerranuovaBracc_GalleseCivitaCast_2
;TerranuovaBracc_GalleseCivitaCast_2;TerranuovaBracciolini;;;TerranuovaBracc_GalleseCivitaCast_2
;TerranuovaBracc_Livorno;Livorno;;;TerranuovaBracc_Livorno
;TerranuovaBracc_Livorno;TerranuovaBracciolini;;;TerranuovaBracc_Livorno
;Theddlethorpe_Killingholme_1;Killingholme;;;Theddlethorpe_Killingholme_1
;Theddlethorpe_Killingholme_1;Theddlethorpe;;;Theddlethorpe_Killingholme_1
;Theddlethorpe_Killingholme_2;Killingholme;;;Theddlethorpe_Killingholme_2
;Theddlethorpe_Killingholme_2;Theddlethorpe;;;Theddlethorpe_Killingholme_2
;Tivisa_Barcelona;Tivisa;;;Tivisa_Barcelona
;Tivisa_Barcelona;Barcelona;;;Tivisa_Barcelona
;Tivisa_VillarDeArnedo;Tivisa;;;Tivisa_VillarDeArnedo
;Tivisa_VillarDeArnedo;VillarDeArnedo;;;Tivisa_VillarDeArnedo
;Transgas_1;Waidhaus;;;Transgas
;Transgas_1;Rozvadov;;;Transgas
;Transgas_1;Malesovice;;;Transgas
;Transgas_1;Brodske;;;Transgas
;Transgas_1;PlaveckyPeter;;;Transgas
;Transgas_2;Malesovice;;;Transgas
;Transgas_2;Hospozin;;;Transgas
;Transgas_2;Rozvadov;;;Transgas
;Transgas_3;Brandov;;;Transgas
;Transgas_3;Gebirgsneudorf;;;Transgas
;Transgas_3;Hospozin;;;Transgas
;Transgas_4;Baumgarten;;;Transgas
;Transgas_4;PlaveckyPeter;;;Transgas
;Transgas_4;Uschhorod;;;Transgas
;Transitgas_1;Ruswil;;;Transitgas_4
;Transitgas_1;Lostorf;;;Transitgas_4
;Transitgas_1;Wallbach;;;Transitgas_3
;Transitgas_1;Lostorf;;;Transitgas_1
;Transitgas_1;Ruswil;;;Transitgas_2
;Transitgas_1;Griespass;;;Transitgas_2
;Transitgas_Frankreich_1;Ruswil;;;Transitgas_Frankreich
;Transitgas_Frankreich_1;Rodersdorf;;;Transitgas_Frankreich_Extra
;Transitgas_Frankreich_1;Nancy;;;Transitgas_Frankreich_Extra
;Transitgas_Frankreich_2;Rodersdorf;;;Transitgas_Frankreich_Extra
;Transitgas_Frankreich_2;Strasbourg;;;Transitgas_Frankreich_Extra
;Tuy_Braga;Braga;;;Tuy_Braga
;Tuy_Braga;Tuy;;;Tuy_Braga
;Valladolid_Palancares;MarismaPalancares;;;Valladolid_Palancares
;Valladolid_Palancares;Valladolid;;;Valladolid_Palancares
;Varosfoeld_Slobodnica_1;Varosfoeld;;;Varosfoeld_Slobodnica
;Varosfoeld_Slobodnica_1;Slobodnica;;;Varosfoeld_Slobodnica
;Vastogirardi_Campochiaro_1;Campochiaro;;;Vastogirardi_Campochiaro_1
;Vastogirardi_Campochiaro_1;Vastogirardi;;;Vastogirardi_Campochiaro_1
;Vastogirardi_Campochiaro_2;Campochiaro;;;Vastogirardi_Campochiaro_2
;Vastogirardi_Campochiaro_2;Vastogirardi;;;Vastogirardi_Campochiaro_2
;Vastogirardi_Sulmona_1;Sulmona;;;Vastogirardi_Sulmona_1
;Vastogirardi_Sulmona_1;Vastogirardi;;;Vastogirardi_Sulmona_1
;Vastogirardi_Sulmona_2;Sulmona;;;Vastogirardi_Sulmona_2
;Vastogirardi_Sulmona_2;Vastogirardi;;;Vastogirardi_Sulmona_2
;Veruno_Golasecca;Golasecca;;;Veruno_Golasecca
;Veruno_Golasecca;Veruno;;;Veruno_Golasecca
;Veruno_Mortara_1;Mortara;;;Veruno_Mortara_1
;Veruno_Mortara_1;Veruno;;;Veruno_Mortara_1
;Veruno_Mortara_2;Mortara;;;Veruno_Mortara_2
;Veruno_Mortara_2;Veruno;;;Veruno_Mortara_2
;Vigasio_Trento;Trento;;;Vigasio_Trento
;Vigasio_Trento;Vigasio;;;Vigasio_Trento
;Vigasio_Zimella;Zimella;;;Vigasio_Zimella
;Vigasio_Zimella;Vigasio;;;Vigasio_Zimella
;VillarDeArnedo_Burgos;VillarDeArnedo;;;VillarDeArnedo_Burgos
;VillarDeArnedo_Burgos;Burgos;;;VillarDeArnedo_Burgos
;VillarDeArnedo_Navarra;VillarDeArnedo;;;VillarDeArnedo_Navarra
;VillarDeArnedo_Navarra;Navarra;;;VillarDeArnedo_Navarra
;Villesse_Gorizia;Gorizia;;;Villesse_Gorizia
;Villesse_Gorizia;Villesse;;;Villesse_Gorizia
;Voigtslach_Paffrath;BergischPaffrath;;;Voigtslach_Paffrath
;Voigtslach_Paffrath;Voigtslach;;;Voigtslach_Paffrath
;WAG_1;Baumgarten;;;WAG
;WAG_1;Enzersfeld;;;WAG
;WAG_1;Kirchberg;;;WAG
;WAG_1;Lichtenau;;;WAG
;WAG_1;BadLeonfelden;;;WAG
;WAG_1;Oberkappel;;;WAG
;WAG_E3_1;Enzersfeld;;;WAG_E
;WAG_E3_1;Kirchberg;;;WAG_E
;WAG_E3_1;Lichtenau;;;WAG_E
;WAG_E3_1;BadLeonfelden;;;WAG_E
;WAG_PLUS_600_1;Lichtenau;;;WAG_PLUS_600_1
;WAG_PLUS_600_1;Kirchberg;;;WAG_PLUS_600_1
;WEDAL_1;Lippe;;;WEDAL
;WEDAL_1;Voigtslach;;;WEDAL
;WEDAL_1;Weisweiler;;;WEDAL
;WEDAL_1;Eynatten;;;WEDAL
;ZaharaDeLosAtunes_Cordoba;ZaharaDeLosAtunes;;;ZaharaDeLosAtunes_Cordoba
;ZaharaDeLosAtunes_Cordoba;Cordoba;;;ZaharaDeLosAtunes_Cordoba
;Zamora_Oviedo;Zamora;;;Zamora_Oviedo
;Zamora_Oviedo;Oviedo;;;Zamora_Oviedo
;Zamora_Valladolid;Valladolid;;;Zamora_Valladolid
;Zamora_Valladolid;Zamora;;;Zamora_Valladolid
;Zimella_Istrana_1;Istrana;;;Zimella_Istrana_1
;Zimella_Istrana_1;Zimella;;;Zimella_Istrana_1
;Zimella_Istrana_2;Istrana;;;Zimella_Istrana_2
;Zimella_Istrana_2;Zimella;;;Zimella_Istrana_2
;Zimella_Istrana_3;Istrana;;;Zimella_Istrana_3
;Zimella_Istrana_3;Zimella;;;Zimella_Istrana_3
;Zimella_PoggioRenatico_1;PoggioRenatico;;;Zimella_PoggioRenatico_1
;Zimella_PoggioRenatico_1;Zimella;;;Zimella_PoggioRenatico_1
;Zimella_PoggioRenatico_2;PoggioRenatico;;;Zimella_PoggioRenatico_2
;Zimella_PoggioRenatico_2;Zimella;;;Zimella_PoggioRenatico_2
;No56_1;Schluechtern;;;No56
;No56_1;Werne;;;No56
;No56_1;Wardenburg;;;No56
;No57_1;Lauterbach;;;No57
;No57_1;Vitzeroda;;;No57
;No83_1;Lauterbach;;;No83
;No83_1;Scheidt;;;No83
